id;title;description;author
1;generating Keyboard;Kids;Technician
2;quantify Avon;e-services Home Loan Account;Crossing Fish
3;User-centric lavender;technologies;Sleek Wooden Computer
4;Metal portals;Bedfordshire repurpose supply-chains;Generic Interactions
5;Director bypass;Mississippi withdrawal grow;Cambridgeshire card neural
6;Pitcairn Islands;digital;e-markets
7;Executive grid-enabled;Accountability bypassing;Algeria Israel Jewelery
8;withdrawal Bedfordshire;Personal Loan Account Brazilian Real;channels Sports Practical
9;Viaduct;Cotton HTTP;invoice sky blue
10;cyan Managed deploy;infrastructure Consultant Dynamic;Licensed
